{"initial_reset_timestamp": 1514229584.1864862, "timestamps": [1514229590.6293764, 1514229594.0338702, 1514229594.337387, 1514229594.5952163, 1514229594.7339888, 1514229594.9970863, 1514229595.2583487, 1514229595.457111, 1514229597.8041325, 1514229598.1676252, 1514229598.3397465, 1514229598.594923, 1514229598.7850435, 1514229598.9332821, 1514229599.1097722, 1514229599.300822, 1514229599.4655366, 1514229599.6297991, 1514229599.804901, 1514229600.0339828, 1514229600.1901107, 1514229600.3827498, 1514229600.5136433, 1514229600.6453407, 1514229600.7983947, 1514229600.9801216, 1514229601.1198492, 1514229603.0704246, 1514229603.325919, 1514229603.501047, 1514229603.554836, 1514229603.7085767, 1514229603.9249728, 1514229604.0801878, 1514229604.2627425, 1514229604.4089034, 1514229604.545609, 1514229604.7132108, 1514229604.9162881, 1514229605.047611, 1514229605.2349138, 1514229605.4133, 1514229605.54048, 1514229605.621271, 1514229605.811764, 1514229606.0210512, 1514229606.2236109, 1514229606.4991074, 1514229606.753183, 1514229606.9797423, 1514229607.2881138, 1514229607.5548499, 1514229607.7768598, 1514229608.1188972, 1514229608.3370295, 1514229608.640174, 1514229608.9762669, 1514229609.2335145, 1514229609.527468, 1514229609.7696927, 1514229610.019797, 1514229610.2987816, 1514229610.6542444, 1514229610.9124713, 1514229611.6308777, 1514229612.1038246, 1514229612.3431265, 1514229612.5565913, 1514229612.8298895, 1514229613.0024765, 1514229613.3164997, 1514229613.5088532, 1514229613.7717931, 1514229614.0378833, 1514229614.277399, 1514229614.4072177, 1514229614.693128, 1514229614.9772186, 1514229615.2201643, 1514229615.3411903, 1514229615.6147509, 1514229615.8076572, 1514229616.0693626, 1514229616.3400073, 1514229616.5636716, 1514229616.8349645, 1514229616.9248207, 1514229617.266721, 1514229617.5032918, 1514229617.7784097, 1514229617.8409977, 1514229618.0633953, 1514229618.3826215, 1514229618.7114346, 1514229618.941073, 1514229619.2041745, 1514229619.39266, 1514229619.551958, 1514229619.800475, 1514229620.0550938], "episode_lengths": [200, 200, 170, 200, 108, 200, 200, 141, 148, 200, 127, 200, 147, 109, 136, 144, 136, 125, 133, 176, 108, 157, 105, 103, 114, 141, 117, 120, 116, 133, 44, 117, 160, 108, 140, 110, 96, 127, 147, 103, 144, 129, 99, 59, 142, 150, 133, 126, 122, 112, 156, 130, 120, 176, 108, 141, 152, 140, 135, 112, 113, 144, 161, 115, 31, 151, 109, 105, 132, 105, 136, 93, 110, 129, 111, 55, 122, 139, 111, 62, 132, 97, 113, 113, 101, 122, 48, 159, 110, 125, 34, 105, 151, 147, 123, 119, 91, 75, 104, 127], "episode_rewards": [200.0, 200.0, 170.0, 200.0, 108.0, 200.0, 200.0, 141.0, 148.0, 200.0, 127.0, 200.0, 147.0, 109.0, 136.0, 144.0, 136.0, 125.0, 133.0, 176.0, 108.0, 157.0, 105.0, 103.0, 114.0, 141.0, 117.0, 120.0, 116.0, 133.0, 44.0, 117.0, 160.0, 108.0, 140.0, 110.0, 96.0, 127.0, 147.0, 103.0, 144.0, 129.0, 99.0, 59.0, 142.0, 150.0, 133.0, 126.0, 122.0, 112.0, 156.0, 130.0, 120.0, 176.0, 108.0, 141.0, 152.0, 140.0, 135.0, 112.0, 113.0, 144.0, 161.0, 115.0, 31.0, 151.0, 109.0, 105.0, 132.0, 105.0, 136.0, 93.0, 110.0, 129.0, 111.0, 55.0, 122.0, 139.0, 111.0, 62.0, 132.0, 97.0, 113.0, 113.0, 101.0, 122.0, 48.0, 159.0, 110.0, 125.0, 34.0, 105.0, 151.0, 147.0, 123.0, 119.0, 91.0, 75.0, 104.0, 127.0], "episode_types": ["t", "t", "t", "t", "t", "t", "t", "t", "t", "t", "t", "t", "t", "t", "t", "t", "t", "t", "t", "t", "t", "t", "t", "t", "t", "t", "t", "t", "t", "t", "t", "t", "t", "t", "t", "t", "t", "t", "t", "t", "t", "t", "t", "t", "t", "t", "t", "t", "t", "t", "t", "t", "t", "t", "t", "t", "t", "t", "t", "t", "t", "t", "t", "t", "t", "t", "t", "t", "t", "t", "t", "t", "t", "t", "t", "t", "t", "t", "t", "t", "t", "t", "t", "t", "t", "t", "t", "t", "t", "t", "t", "t", "t", "t", "t", "t", "t", "t", "t", "t"]}