{"initial_reset_timestamp": 1514475582.1657028, "timestamps": [1514475618.6808965, 1514475646.2571728, 1514475683.8241484, 1514475712.9188826, 1514475745.6831684, 1514475775.15082, 1514475808.1044018, 1514475835.5583782, 1514475869.8199341, 1514475914.3331628, 1514475946.346979, 1514475968.4368582, 1514475998.4660351, 1514476033.9433773, 1514476062.8905475, 1514476087.068435, 1514476123.7560763, 1514476156.9933395, 1514476189.0265403, 1514476223.5163827], "episode_lengths": [3667, 2785, 3919, 3032, 3594, 3157, 3619, 3021, 3475, 4882, 3549, 2322, 2661, 3160, 3103, 2635, 3991, 3592, 3478, 3758], "episode_rewards": [376.0, 248.0, 378.0, 268.0, 308.0, 262.0, 334.0, 262.0, 288.0, 448.0, 300.0, 170.0, 180.0, 270.0, 258.0, 210.0, 384.0, 308.0, 314.0, 326.0], "episode_types": ["t", "t", "t", "t", "t", "t", "t", "t", "t", "t", "t", "t", "t", "t", "t", "t", "t", "t", "t", "t"]}